{
	"regaly" :
		{
			"1" : {
				"tiskarna":196
				"sluchatka":81
				"boty":29
			},
			"2" : {
				"sroubovak":63
				"trouba":85
				"hamaka":142
				"kafe":3
			},
			"3" : {
				"cepice":97
			},
			"4" : {
				"boty":127
				"konzerva":122
				"sroubovak":169
				"sampon":118
			},
			"5" : {
				"hamaka":5
				"baterie":111
				"cepice":159
			},
			"6" : {
				"brambory":2
				"kolo":26
				"dron":171
				"cesnek":24
				"pohovka":197
			},
			"7" : {
				"rododendron":114
				"hodinky":140
				"brambory":32
				"baterie":98
				"boty":46
			},
			"8" : {
				"cukr":97
				"batoh":57
				"konzerva":136
			},
			"9" : {
				"hamaka":187
				"dron":51
			},
			"10" : {
				"celer":99
				"brambory":179
			},
			"11" : {
				"baterie":119
				"petrzel":71
			},
			"12" : {
				"kytara":41
			},
			"13" : {
				"televize":105
				"baterie":67
				"lahev":45
			},
			"14" : {
				"klavesnice":32
				"trouba":6
				"lednice":190
				"cihly":97
				"povleceni":127
			},
			"15" : {
				"playstation":19
				"sroubovak":158
				"xbox":166
			},
			"16" : {
				"hrnec":152
				"obraz":27
				"kvetinac":152
			},
			"17" : {
				"kafe":179
			},
			"18" : {
				"cihly":141
			},
			"19" : {
				"kvetinac":64
			},
			"20" : {
				"kolo":129
			},
			"21" : {
				"kolo":154
				"mrkev":117
				"kvetinac":185
			},
			"22" : {
				"kondicioner":31
				"lahev":140
				"vrtacka":61
				"dron":26
			},
			"23" : {
				"karimatka":39
			},
			"24" : {
				"karimatka":180
				"cibule":43
				"sluchatka":36
				"botnik":134
				"klobouk":111
			},
			"25" : {
				"dvd":25
				"hamaka":20
			},
			"26" : {
				"pneumatika":83
				"klobouk":146
				"hokejka":193
				"slivovice":79
			},
			"27" : {
				"propiska":105
			},
			"28" : {
				"xbox":26
				"sluchatka":89
				"hodinky":78
				"deodorant":61
				"trouba":144
			},
			"29" : {
				"vrtacka":88
				"kolo":12
			},
			"30" : {
				"dron":176
			},
			"31" : {
				"puk":65
				"kolobezka":197
				"kondicioner":53
			},
			"32" : {
				"tiskarna":147
				"sroubovak":73
				"kafe":83
			},
			"33" : {
				"klavir":101
				"deodorant":5
				"mrkev":108
				"mycka":198
			},
			"34" : {
				"hokejka":147
				"monitor":32
				"klavir":106
			},
			"35" : {
				"zarovka":6
				"caj":184
			},
			"36" : {
				"kolo":160
			},
			"37" : {
				"rododendron":95
				"povleceni":29
			},
			"38" : {
				"kafe":157
			},
			"39" : {
				"karimatka":49
				"sesit":15
				"stul":132
			},
			"40" : {
				"karimatka":99
				"cerealie":110
				"povleceni":43
			},
			"41" : {
				"klobouk":41
				"kreslo":144
				"klavir":163
				"kreslo":72
			},
			"42" : {
				"hamaka":173
				"hodinky":175
				"boty":77
				"slivovice":28
			},
			"43" : {
				"sluchatka":177
				"vrtacka":133
				"slivovice":35
				"plastelina":176
			},
			"44" : {
				"caj":109
				"vrtacka":118
			},
			"45" : {
				"rododendron":80
				"monitor":12
				"hokejka":136
				"hokejka":39
				"lahev":78
			},
			"46" : {
				"povleceni":106
				"boty":191
				"cepice":114
			},
			"47" : {
				"kolo":139
				"kolo":16
				"drevo":151
				"kompot":88
			},
			"48" : {
				"trouba":150
				"botnik":76
				"klavir":1
			},
			"49" : {
				"baterie":87
				"matrace":122
				"pohovka":162
			},
			"50" : {
				"kolobezka":95
				"sampon":37
				"sesit":154
				"hokejka":152
				"zidle":156
			},
			"51" : {
				"mycka":39
			},
			"52" : {
				"plastelina":80
				"hrnec":58
				"cerealie":27
			},
			"53" : {
				"rododendron":169
			},
			"54" : {
				"sluchatka":154
				"cukr":166
				"boty":28
				"pohovka":103
			},
			"55" : {
				"pohovka":34
				"klobouk":70
				"klavesnice":166
				"konzerva":182
			},
			"56" : {
				"drevo":64
				"kolo":137
			},
			"57" : {
				"mycka":159
			},
			"58" : {
				"destnik":109
				"puk":77
				"dron":150
			},
			"59" : {
				"tiskarna":77
				"propiska":103
				"sesit":105
				"dvd":177
			},
			"60" : {
				"monitor":46
			},
			"61" : {
				"mycka":128
				"cesnek":119
			},
			"62" : {
				"kolo":159
				"sluchatka":169
			},
			"63" : {
				"mycka":64
				"klavir":12
				"botnik":49
				"cihly":75
				"sampon":136
			},
			"64" : {
				"balon":151
				"monitor":175
			},
			"65" : {
				"drevo":2
				"hokejka":67
				"rododendron":187
				"sampon":175
			},
			"66" : {
				"pohovka":152
				"petrzel":137
			},
			"67" : {
				"kytara":164
				"puk":135
			},
			"68" : {
				"drevo":64
			},
			"69" : {
				"rododendron":75
				"konzerva":109
				"celer":32
				"mycka":186
				"botnik":21
			},
			"70" : {
				"povleceni":68
				"destnik":194
				"dvd":63
			},
			"71" : {
				"mrkev":196
				"pneumatika":57
				"cukr":129
				"hokejka":44
				"monitor":82
			},
			"72" : {
				"panev":125
				"petrzel":90
				"sesit":159
				"kolobezka":49
			},
			"73" : {
				"balon":138
				"hamaka":126
				"mikina":50
				"boty":142
			},
			"74" : {
				"sampon":72
				"balon":98
				"cukr":56
				"mrkev":14
			},
			"75" : {
				"propiska":4
				"monitor":193
				"balon":110
				"kafe":137
				"kondicioner":73
			},
			"76" : {
				"cepice":78
				"sroubovak":6
				"xbox":86
			},
			"77" : {
				"stul":2
			},
			"78" : {
				"sroubovak":136
				"mycka":129
				"baterie":154
				"destnik":153
				"tiskarna":38
			},
			"79" : {
				"mrkev":25
				"cihly":62
				"obraz":98
				"hodinky":189
			},
			"80" : {
				"konzerva":63
				"cukr":198
				"kompot":19
				"brambory":38
			},
			"81" : {
				"baterie":105
				"konzerva":40
				"televize":87
				"konzerva":157
				"baterie":4
			},
			"82" : {
				"cesnek":51
				"povleceni":17
				"sroubovak":34
			},
			"83" : {
				"tiskarna":129
				"caj":170
				"cihly":11
			},
			"84" : {
				"lednice":25
			},
			"85" : {
				"kompot":99
				"zarovka":128
				"obraz":9
				"tachometr":63
				"baterie":123
			},
			"86" : {
				"kytara":165
			},
			"87" : {
				"cesnek":50
				"playstation":3
				"hamaka":52
				"povleceni":101
				"kondicioner":128
			},
			"88" : {
				"batoh":164
				"celer":102
				"destnik":2
				"puk":12
				"trouba":178
			},
			"89" : {
				"trouba":195
				"playstation":13
				"propiska":55
				"xbox":159
				"botnik":20
			},
			"90" : {
				"cibule":186
				"hodinky":122
				"sroubovak":104
			},
			"91" : {
				"baterie":69
				"sesit":186
			},
			"92" : {
				"pneumatika":75
				"kolo":5
				"trouba":161
				"klobouk":56
			},
			"93" : {
				"petrzel":189
			},
			"94" : {
				"klavesnice":6
				"karimatka":168
				"puk":178
			},
			"95" : {
				"cibule":96
				"obraz":127
				"hodinky":28
				"raketa":132
			},
			"96" : {
				"vrtacka":65
				"mycka":146
				"kolo":195
				"pneumatika":194
				"klavir":79
			},
			"97" : {
				"panev":62
				"kafe":174
				"tiskarna":154
				"sluchatka":40
				"tachometr":187
			},
			"98" : {
				"vrtacka":42
				"elektrokolo":145
				"hamaka":6
				"puk":135
				"klavir":31
			},
			"99" : {
				"cukr":112
				"celer":131
				"boty":32
				"hokejka":130
				"elektrokolo":11
			},
			"100" : {
				"povleceni":48
				"sampon":154
			},
			"101" : {
				"sluchatka":88
				"hokejka":10
			},
			"102" : {
				"konzerva":135
				"lednice":28
				"dvd":77
				"hokejka":145
			},
			"103" : {
				"cukr":197
			},
			"104" : {
				"sampon":183
				"karimatka":107
			},
			"105" : {
				"dron":129
			},
			"106" : {
				"sesit":92
			},
			"107" : {
				"tachometr":84
				"batoh":17
				"mikina":144
				"cepice":87
				"lednice":100
			},
			"108" : {
				"cibule":197
			},
			"109" : {
				"cukr":48
				"mikina":74
				"matrace":162
				"televize":76
			},
			"110" : {
				"cerealie":21
				"kytara":19
				"cepice":176
				"konzerva":53
				"lahev":26
			},
			"111" : {
				"celer":29
				"hodinky":42
			},
			"112" : {
				"trouba":125
				"xbox":58
				"hamaka":191
				"raketa":94
			},
			"113" : {
				"sroubovak":75
				"kytara":153
				"monitor":143
				"trouba":20
				"zidle":108
			},
			"114" : {
				"dron":33
				"petrzel":141
				"sroubovak":9
			},
			"115" : {
				"hamaka":170
			},
			"116" : {
				"mycka":141
				"klavir":141
				"elektrokolo":114
			},
			"117" : {
				"pohovka":47
				"obraz":99
			},
			"118" : {
				"pohovka":183
			},
			"119" : {
				"kondicioner":115
				"sluchatka":186
				"brambory":22
				"lahev":79
				"caj":65
			},
			"120" : {
				"boty":80
				"rododendron":117
				"sampon":186
			}
		}
}